{"cameraMode":{"drawMode":0,"name":"Shaded","section":"Shading Mode"},"sceneLighting":true,"audioPlay":false,"sceneViewState":{"showFog":true,"showMaterialUpdate":true,"showSkybox":true,"showFlares":true,"showImageEffects":true,"showParticleSystems":true},"in2DMode":false,"pivot":{"x":-9.087234497070313,"y":60.26451110839844,"z":10.453727722167969},"rotation":{"x":-0.1486624926328659,"y":-0.8130061030387878,"z":0.23665042221546174,"w":-0.5108003616333008},"size":100.13253021240235,"orthographic":false}