{"cameraMode":{"drawMode":0,"name":"Shaded","section":"Shading Mode"},"sceneLighting":true,"audioPlay":false,"sceneViewState":{"showFog":true,"showMaterialUpdate":true,"showSkybox":true,"showFlares":true,"showImageEffects":true,"showParticleSystems":true},"in2DMode":false,"pivot":{"x":-0.07371068745851517,"y":0.6177747845649719,"z":0.6113774180412293},"rotation":{"x":-0.1929095834493637,"y":-0.5541620850563049,"z":0.1338399201631546,"w":-0.7986095547676086},"size":6.297060489654541,"orthographic":true}