{"cameraMode":{"drawMode":0,"name":"Shaded","section":"Shading Mode"},"sceneLighting":true,"audioPlay":false,"sceneViewState":{"showFog":true,"showMaterialUpdate":true,"showSkybox":true,"showFlares":true,"showImageEffects":true,"showParticleSystems":true},"in2DMode":false,"pivot":{"x":3.8729145526885988,"y":4.4038825035095219,"z":0.6582193374633789},"rotation":{"x":0.1683109700679779,"y":-0.7599907517433167,"z":0.21717214584350587,"w":0.5890006422996521},"size":0.5176658630371094,"orthographic":false}