{"cameraMode":{"drawMode":0,"name":"Shaded","section":"Shading Mode"},"sceneLighting":true,"audioPlay":false,"sceneViewState":{"showFog":true,"showMaterialUpdate":true,"showSkybox":true,"showFlares":true,"showImageEffects":true,"showParticleSystems":true},"in2DMode":false,"pivot":{"x":17.34105110168457,"y":-18.68899154663086,"z":50.78354263305664},"rotation":{"x":-0.1827080398797989,"y":-0.152118980884552,"z":0.028625573962926866,"w":-0.9709059000015259},"size":61.82592010498047,"orthographic":false}