{"cameraMode":{"drawMode":0,"name":"Shaded","section":"Shading Mode"},"sceneLighting":true,"audioPlay":false,"sceneViewState":{"showFog":true,"showMaterialUpdate":true,"showSkybox":true,"showFlares":true,"showImageEffects":true,"showParticleSystems":true},"in2DMode":false,"pivot":{"x":34.44305419921875,"y":-29.017223358154298,"z":-17.680137634277345},"rotation":{"x":0.16536130011081696,"y":0.8127537369728088,"z":-0.2770586609840393,"w":0.485103577375412},"size":52.78461456298828,"orthographic":false}