{"cameraMode":{"drawMode":0,"name":"Shaded","section":"Shading Mode"},"sceneLighting":true,"audioPlay":false,"sceneViewState":{"showFog":true,"showMaterialUpdate":true,"showSkybox":true,"showFlares":true,"showImageEffects":true,"showParticleSystems":true},"in2DMode":false,"pivot":{"x":-108.24407958984375,"y":-14.47314453125,"z":59.6787223815918},"rotation":{"x":0.13124732673168183,"y":-0.5188185572624207,"z":0.08097464591264725,"w":0.8408594727516174},"size":133.81971740722657,"orthographic":false}