{"cameraMode":{"drawMode":0,"name":"Shaded","section":"Shading Mode"},"sceneLighting":true,"audioPlay":false,"sceneViewState":{"showFog":true,"showMaterialUpdate":true,"showSkybox":true,"showFlares":true,"showImageEffects":true,"showParticleSystems":true},"in2DMode":false,"pivot":{"x":-12.701700210571289,"y":0.9398829936981201,"z":10.307563781738282},"rotation":{"x":-0.0016141259111464024,"y":-0.4387321472167969,"z":-0.0007874295697547495,"w":0.8986161351203919},"size":22.0,"orthographic":false}