{"cameraMode":{"drawMode":0,"name":"Shaded","section":"Shading Mode"},"sceneLighting":true,"audioPlay":false,"sceneViewState":{"showFog":true,"showMaterialUpdate":true,"showSkybox":true,"showFlares":true,"showImageEffects":true,"showParticleSystems":true},"in2DMode":false,"pivot":{"x":-246.68643188476563,"y":-112.35958862304688,"z":-423.0690612792969},"rotation":{"x":-0.03003469854593277,"y":0.9584131240844727,"z":-0.11003939062356949,"w":-0.26159828901290896},"size":512.06982421875,"orthographic":false}