{"cameraMode":{"drawMode":0,"name":"Shaded","section":"Shading Mode"},"sceneLighting":true,"audioPlay":false,"sceneViewState":{"showFog":true,"showMaterialUpdate":true,"showSkybox":true,"showFlares":true,"showImageEffects":true,"showParticleSystems":true},"in2DMode":false,"pivot":{"x":14.103796005249024,"y":-5.523647308349609,"z":3.125319480895996},"rotation":{"x":-0.16500477492809297,"y":-0.6096736788749695,"z":0.13166926801204682,"w":-0.7640252709388733},"size":25.934358596801759,"orthographic":false}