{"cameraMode":{"drawMode":0,"name":"Shaded","section":"Shading Mode"},"sceneLighting":true,"audioPlay":false,"sceneViewState":{"showFog":true,"showMaterialUpdate":true,"showSkybox":true,"showFlares":true,"showImageEffects":true,"showParticleSystems":true},"in2DMode":false,"pivot":{"x":1.6126846075057984,"y":1.938887119293213,"z":-0.2907523214817047},"rotation":{"x":0.2404063194990158,"y":-0.28553226590156557,"z":0.0742291733622551,"w":0.9247519373893738},"size":0.5176658630371094,"orthographic":false}