{"cameraMode":{"drawMode":0,"name":"Shaded","section":"Shading Mode"},"sceneLighting":true,"audioPlay":false,"sceneViewState":{"showFog":true,"showMaterialUpdate":true,"showSkybox":true,"showFlares":true,"showImageEffects":true,"showParticleSystems":true},"in2DMode":false,"pivot":{"x":4.89577579498291,"y":81.0362319946289,"z":18.46612548828125},"rotation":{"x":-0.09854409098625183,"y":-0.7958395481109619,"z":0.13477332890033723,"w":-0.5820350050926209},"size":100.13253021240235,"orthographic":false}