{"cameraMode":{"drawMode":0,"name":"Shaded","section":"Shading Mode"},"sceneLighting":true,"audioPlay":false,"sceneViewState":{"showFog":true,"showMaterialUpdate":true,"showSkybox":true,"showFlares":true,"showImageEffects":true,"showParticleSystems":true},"in2DMode":false,"pivot":{"x":0.1751280575990677,"y":0.985689640045166,"z":-0.11560682952404022},"rotation":{"x":0.0363495908677578,"y":0.9628691673278809,"z":-0.20769020915031434,"w":0.168601393699646},"size":3.414306640625,"orthographic":false}