{"cameraMode":{"drawMode":0,"name":"Shaded","section":"Shading Mode"},"sceneLighting":true,"audioPlay":false,"sceneViewState":{"showFog":true,"showMaterialUpdate":true,"showSkybox":true,"showFlares":true,"showImageEffects":true,"showParticleSystems":true},"in2DMode":false,"pivot":{"x":92.37901306152344,"y":-49.18311309814453,"z":-7.401201248168945},"rotation":{"x":-0.16783103346824647,"y":-0.7130197286605835,"z":0.18248781561851502,"w":-0.6558458805084229},"size":148.54518127441407,"orthographic":false}