{"cameraMode":{"drawMode":0,"name":"Shaded","section":"Shading Mode"},"sceneLighting":true,"audioPlay":false,"sceneViewState":{"showFog":true,"showMaterialUpdate":true,"showSkybox":true,"showFlares":true,"showImageEffects":true,"showParticleSystems":true},"in2DMode":false,"pivot":{"x":0.11036008596420288,"y":1.2220805883407593,"z":-0.2527119219303131},"rotation":{"x":0.03381657227873802,"y":0.9658761024475098,"z":-0.19322428107261659,"w":0.16912774741649629},"size":3.414306640625,"orthographic":false}