{"cameraMode":{"drawMode":0,"name":"Shaded","section":"Shading Mode"},"sceneLighting":true,"audioPlay":false,"sceneViewState":{"showFog":true,"showMaterialUpdate":true,"showSkybox":true,"showFlares":true,"showImageEffects":true,"showParticleSystems":true},"in2DMode":false,"pivot":{"x":-6.904408931732178,"y":-0.5300917625427246,"z":-3.6726362705230715},"rotation":{"x":0.06931092590093613,"y":-0.8456161022186279,"z":0.11333415657281876,"w":0.5169959664344788},"size":12.80798053741455,"orthographic":false}