{"cameraMode":{"drawMode":0,"name":"Shaded","section":"Shading Mode"},"sceneLighting":true,"audioPlay":false,"sceneViewState":{"showFog":true,"showMaterialUpdate":true,"showSkybox":true,"showFlares":true,"showImageEffects":true,"showParticleSystems":true},"in2DMode":false,"pivot":{"x":5.329986572265625,"y":2.2100067138671877,"z":5.389999866485596},"rotation":{"x":-0.07512850314378739,"y":-0.4023149609565735,"z":0.03315075859427452,"w":-0.911811113357544},"size":16.566112518310548,"orthographic":false}