{"cameraMode":{"drawMode":0,"name":"Shaded","section":"Shading Mode"},"sceneLighting":true,"audioPlay":false,"sceneViewState":{"showFog":true,"showMaterialUpdate":true,"showSkybox":true,"showFlares":true,"showImageEffects":true,"showParticleSystems":true},"in2DMode":false,"pivot":{"x":-128.85462951660157,"y":-47.564476013183597,"z":-75.10966491699219},"rotation":{"x":0.11070539802312851,"y":-0.8402730822563171,"z":0.18731363117694856,"w":0.49658745527267458},"size":173.2115478515625,"orthographic":false}