{"cameraMode":{"drawMode":0,"name":"Shaded","section":"Shading Mode"},"sceneLighting":false,"audioPlay":false,"sceneViewState":{"showFog":true,"showMaterialUpdate":true,"showSkybox":true,"showFlares":true,"showImageEffects":true,"showParticleSystems":true},"in2DMode":false,"pivot":{"x":1.252695083618164,"y":0.5601305961608887,"z":0.08035734295845032},"rotation":{"x":-0.07924002408981323,"y":-0.7038962841033936,"z":0.07952442020177841,"w":-0.7013750076293945},"size":1.5772892236709595,"orthographic":false}