{"cameraMode":{"drawMode":0,"name":"Shaded","section":"Shading Mode"},"sceneLighting":true,"audioPlay":false,"sceneViewState":{"showFog":true,"showMaterialUpdate":true,"showSkybox":true,"showFlares":true,"showImageEffects":true,"showParticleSystems":true},"in2DMode":false,"pivot":{"x":5.658377170562744,"y":-3.431460380554199,"z":2.104377269744873},"rotation":{"x":0.1962004005908966,"y":0.5965662002563477,"z":-0.15341506898403169,"w":0.7629403471946716},"size":15.007718086242676,"orthographic":false}