{"cameraMode":{"drawMode":0,"name":"Shaded","section":"Shading Mode"},"sceneLighting":true,"audioPlay":false,"sceneViewState":{"showFog":true,"showMaterialUpdate":true,"showSkybox":true,"showFlares":true,"showImageEffects":true,"showParticleSystems":true},"in2DMode":false,"pivot":{"x":5.329986572265625,"y":2.2100067138671877,"z":5.389999866485596},"rotation":{"x":-0.044932134449481967,"y":-0.5464261770248413,"z":0.02937840111553669,"w":-0.8357849717140198},"size":16.18361473083496,"orthographic":false}