{"cameraMode":{"drawMode":0,"name":"Shaded","section":"Shading Mode"},"sceneLighting":true,"audioPlay":false,"sceneViewState":{"showFog":true,"showMaterialUpdate":true,"showSkybox":true,"showFlares":true,"showImageEffects":true,"showParticleSystems":true},"in2DMode":false,"pivot":{"x":5.0117387771606449,"y":2.0917611122131349,"z":3.5955591201782228},"rotation":{"x":-0.020340632647275926,"y":-0.1875641942024231,"z":0.0038791976403445007,"w":-0.9820340871810913},"size":12.942054748535157,"orthographic":false}