{"cameraMode":{"drawMode":0,"name":"Shaded","section":"Shading Mode"},"sceneLighting":true,"audioPlay":false,"sceneViewState":{"showFog":true,"showMaterialUpdate":true,"showSkybox":true,"showFlares":true,"showImageEffects":true,"showParticleSystems":true},"in2DMode":false,"pivot":{"x":134.64443969726563,"y":-133.38092041015626,"z":-6.193262100219727},"rotation":{"x":-0.2650517225265503,"y":-0.666779100894928,"z":0.27643105387687685,"w":-0.6393270492553711},"size":201.7520294189453,"orthographic":false}