{"cameraMode":{"drawMode":0,"name":"Shaded","section":"Shading Mode"},"sceneLighting":true,"audioPlay":false,"sceneViewState":{"showFog":true,"showMaterialUpdate":true,"showSkybox":true,"showFlares":true,"showImageEffects":true,"showParticleSystems":true},"in2DMode":false,"pivot":{"x":4.833852767944336,"y":-30.382217407226564,"z":-37.02618408203125},"rotation":{"x":-0.005599081050604582,"y":0.9943046569824219,"z":-0.0819452553987503,"w":-0.06791093945503235},"size":97.94242095947266,"orthographic":false}