{"cameraMode":{"drawMode":0,"name":"Shaded","section":"Shading Mode"},"sceneLighting":true,"audioPlay":false,"sceneViewState":{"showFog":true,"showMaterialUpdate":true,"showSkybox":true,"showFlares":true,"showImageEffects":true,"showParticleSystems":true},"in2DMode":false,"pivot":{"x":0.0017037391662597657,"y":-8.622579574584961,"z":10.878079414367676},"rotation":{"x":-0.2839937210083008,"y":0.08757056295871735,"z":-0.026056507602334024,"w":-0.9544633030891419},"size":25.934358596801759,"orthographic":false}