{"cameraMode":{"drawMode":0,"name":"Shaded","section":"Shading Mode"},"sceneLighting":true,"audioPlay":false,"sceneViewState":{"showFog":true,"showMaterialUpdate":true,"showSkybox":true,"showFlares":true,"showImageEffects":true,"showParticleSystems":true},"in2DMode":false,"pivot":{"x":1.4475351572036744,"y":0.6943672299385071,"z":21.326997756958009},"rotation":{"x":0.019202405586838723,"y":0.00031240886892192066,"z":-0.0000025958622700272828,"w":0.9998156428337097},"size":30.399860382080079,"orthographic":false}