{"cameraMode":{"drawMode":0,"name":"Shaded","section":"Shading Mode"},"sceneLighting":true,"audioPlay":false,"sceneViewState":{"showFog":true,"showMaterialUpdate":true,"showSkybox":true,"showFlares":true,"showImageEffects":true,"showParticleSystems":true},"in2DMode":false,"pivot":{"x":-13.078938484191895,"y":1.0533746480941773,"z":43.448184967041019},"rotation":{"x":-0.1184166744351387,"y":0.14599408209323884,"z":-0.017605066299438478,"w":-0.9820148944854736},"size":64.16107177734375,"orthographic":false}