{"cameraMode":{"drawMode":0,"name":"Shaded","section":"Shading Mode"},"sceneLighting":false,"audioPlay":false,"sceneViewState":{"showFog":true,"showMaterialUpdate":true,"showSkybox":true,"showFlares":true,"showImageEffects":true,"showParticleSystems":true},"in2DMode":false,"pivot":{"x":-0.05853867530822754,"y":1.0080058574676514,"z":-0.14242962002754212},"rotation":{"x":0.030796442180871965,"y":-0.9441313147544861,"z":0.09234549105167389,"w":0.31486496329307558},"size":1.3388384580612183,"orthographic":true}