{"cameraMode":{"drawMode":0,"name":"Shaded","section":"Shading Mode"},"sceneLighting":true,"audioPlay":false,"sceneViewState":{"showFog":true,"showMaterialUpdate":true,"showSkybox":true,"showFlares":true,"showImageEffects":true,"showParticleSystems":true},"in2DMode":false,"pivot":{"x":5.0117387771606449,"y":2.0917611122131349,"z":3.5955591201782228},"rotation":{"x":-0.07319413870573044,"y":-0.3787415027618408,"z":0.03005875088274479,"w":-0.922113835811615},"size":37.87504959106445,"orthographic":false}