{"cameraMode":{"drawMode":0,"name":"Shaded","section":"Shading Mode"},"sceneLighting":true,"audioPlay":false,"sceneViewState":{"showFog":true,"showMaterialUpdate":true,"showSkybox":true,"showFlares":true,"showImageEffects":true,"showParticleSystems":true},"in2DMode":false,"pivot":{"x":-11.526494026184082,"y":-343.1689758300781,"z":-365.2064208984375},"rotation":{"x":-0.005771662574261427,"y":0.9292877912521362,"z":-0.3690253496170044,"w":-0.014534062705934048},"size":512.06982421875,"orthographic":false}