{"cameraMode":{"drawMode":0,"name":"Shaded","section":"Shading Mode"},"sceneLighting":true,"audioPlay":false,"sceneViewState":{"showFog":true,"showMaterialUpdate":true,"showSkybox":true,"showFlares":true,"showImageEffects":true,"showParticleSystems":true},"in2DMode":false,"pivot":{"x":-128.0077667236328,"y":-37.154747009277347,"z":22.964130401611329},"rotation":{"x":0.10892298817634583,"y":-0.6373029351234436,"z":0.09165093302726746,"w":0.757351279258728},"size":138.99378967285157,"orthographic":false}