{"cameraMode":{"drawMode":0,"name":"Shaded","section":"Shading Mode"},"sceneLighting":true,"audioPlay":false,"sceneViewState":{"showFog":true,"showMaterialUpdate":true,"showSkybox":true,"showFlares":true,"showImageEffects":true,"showParticleSystems":true},"in2DMode":false,"pivot":{"x":-31.8624267578125,"y":-6.49315881729126,"z":-4.407673358917236},"rotation":{"x":-0.08327529579401016,"y":0.7863515019416809,"z":-0.10874205082654953,"w":-0.6024050116539002},"size":32.658546447753909,"orthographic":false}