{"cameraMode":{"drawMode":0,"name":"Shaded","section":"Shading Mode"},"sceneLighting":true,"audioPlay":false,"sceneViewState":{"showFog":true,"showMaterialUpdate":true,"showSkybox":true,"showFlares":true,"showImageEffects":true,"showParticleSystems":true},"in2DMode":false,"pivot":{"x":-89.73883819580078,"y":-114.12168884277344,"z":-67.42777252197266},"rotation":{"x":0.17564186453819276,"y":-0.8232063055038452,"z":0.35701170563697817,"w":0.4049987196922302},"size":190.16888427734376,"orthographic":false}