{"cameraMode":{"drawMode":0,"name":"Shaded","section":"Shading Mode"},"sceneLighting":true,"audioPlay":false,"sceneViewState":{"showFog":true,"showMaterialUpdate":true,"showSkybox":true,"showFlares":true,"showImageEffects":true,"showParticleSystems":true},"in2DMode":false,"pivot":{"x":-8.958487510681153,"y":15.150886535644532,"z":-24.903459548950197},"rotation":{"x":-0.004375941585749388,"y":-0.9886016249656677,"z":0.14760902523994447,"w":-0.029313983395695688},"size":32.81591796875,"orthographic":false}