{"cameraMode":{"drawMode":0,"name":"Shaded","section":"Shading Mode"},"sceneLighting":true,"audioPlay":false,"sceneViewState":{"showFog":true,"showMaterialUpdate":true,"showSkybox":true,"showFlares":true,"showImageEffects":true,"showParticleSystems":true},"in2DMode":false,"pivot":{"x":-0.07371068745851517,"y":0.6177747845649719,"z":0.6113774180412293},"rotation":{"x":0.2623703181743622,"y":-0.6536051034927368,"z":0.2595614790916443,"w":0.6607494950294495},"size":6.297060489654541,"orthographic":true}