{"cameraMode":{"drawMode":0,"name":"Shaded","section":"Shading Mode"},"sceneLighting":true,"audioPlay":false,"sceneViewState":{"showFog":true,"showMaterialUpdate":true,"showSkybox":true,"showFlares":true,"showImageEffects":true,"showParticleSystems":true},"in2DMode":false,"pivot":{"x":8.194498062133789,"y":-3.097865104675293,"z":-8.416362762451172},"rotation":{"x":-0.082959845662117,"y":-0.8809834122657776,"z":0.16824978590011598,"w":-0.4343707263469696},"size":25.77570152282715,"orthographic":false}