{"cameraMode":{"drawMode":0,"name":"Shaded","section":"Shading Mode"},"sceneLighting":true,"audioPlay":false,"sceneViewState":{"showFog":true,"showMaterialUpdate":true,"showSkybox":true,"showFlares":true,"showImageEffects":true,"showParticleSystems":true},"in2DMode":false,"pivot":{"x":8.263592720031739,"y":-1.2838294506072999,"z":17.127395629882814},"rotation":{"x":0.09707580506801605,"y":0.17111711204051972,"z":-0.016941968351602556,"w":0.9803102612495422},"size":39.369903564453128,"orthographic":false}