{"cameraMode":{"drawMode":0,"name":"Shaded","section":"Shading Mode"},"sceneLighting":true,"audioPlay":false,"sceneViewState":{"showFog":true,"showMaterialUpdate":true,"showSkybox":true,"showFlares":true,"showImageEffects":true,"showParticleSystems":true},"in2DMode":false,"pivot":{"x":-12.701700210571289,"y":0.9398829936981201,"z":10.307563781738282},"rotation":{"x":0.28132885694503786,"y":-0.26031309366226199,"z":0.07958764582872391,"w":0.9201940298080444},"size":81.20350646972656,"orthographic":false}