{"cameraMode":{"drawMode":0,"name":"Shaded","section":"Shading Mode"},"sceneLighting":true,"audioPlay":false,"sceneViewState":{"showFog":true,"showMaterialUpdate":true,"showSkybox":true,"showFlares":true,"showImageEffects":true,"showParticleSystems":true},"in2DMode":false,"pivot":{"x":-25.009918212890626,"y":-0.845112681388855,"z":1.4815579652786255},"rotation":{"x":0.03813290596008301,"y":-0.686154305934906,"z":0.03606116771697998,"w":0.7255603671073914},"size":25.934358596801759,"orthographic":false}