{"cameraMode":{"drawMode":0,"name":"Shaded","section":"Shading Mode"},"sceneLighting":true,"audioPlay":false,"sceneViewState":{"showFog":true,"showMaterialUpdate":true,"showSkybox":true,"showFlares":true,"showImageEffects":true,"showParticleSystems":true},"in2DMode":false,"pivot":{"x":3.3508553504943849,"y":80.51889038085938,"z":3.443833112716675},"rotation":{"x":-0.1309005618095398,"y":-0.643244206905365,"z":0.11291107535362244,"w":-0.745890736579895},"size":9.375804901123047,"orthographic":false}