{"cameraMode":{"drawMode":0,"name":"Shaded","section":"Shading Mode"},"sceneLighting":true,"audioPlay":false,"sceneViewState":{"showFog":true,"showMaterialUpdate":true,"showSkybox":true,"showFlares":true,"showImageEffects":true,"showParticleSystems":true},"in2DMode":false,"pivot":{"x":5.083661079406738,"y":-1.3092327117919922,"z":-1.7491049766540528},"rotation":{"x":-0.13834181427955628,"y":-0.6657896041870117,"z":0.12756821513175965,"w":-0.7220194339752197},"size":15.96351432800293,"orthographic":false}