{"cameraMode":{"drawMode":0,"name":"Shaded","section":"Shading Mode"},"sceneLighting":true,"audioPlay":false,"sceneViewState":{"showFog":true,"showMaterialUpdate":true,"showSkybox":true,"showFlares":true,"showImageEffects":true,"showParticleSystems":true},"in2DMode":false,"pivot":{"x":17.009742736816408,"y":17.14883041381836,"z":-6.5650315284729},"rotation":{"x":0.0930083617568016,"y":0.8456479907035828,"z":-0.15679706633090974,"w":0.5016409754753113},"size":32.99062728881836,"orthographic":false}