{"cameraMode":{"drawMode":0,"name":"Shaded","section":"Shading Mode"},"sceneLighting":false,"audioPlay":false,"sceneViewState":{"showFog":true,"showMaterialUpdate":true,"showSkybox":true,"showFlares":true,"showImageEffects":true,"showParticleSystems":true},"in2DMode":false,"pivot":{"x":-0.05853867530822754,"y":1.0080058574676514,"z":-0.14242962002754212},"rotation":{"x":0.04418506473302841,"y":-0.930070698261261,"z":0.1192307099699974,"w":0.34467390179634097},"size":1.3388384580612183,"orthographic":true}