{"cameraMode":{"drawMode":0,"name":"Shaded","section":"Shading Mode"},"sceneLighting":true,"audioPlay":false,"sceneViewState":{"showFog":true,"showMaterialUpdate":true,"showSkybox":true,"showFlares":true,"showImageEffects":true,"showParticleSystems":true},"in2DMode":false,"pivot":{"x":-14.486932754516602,"y":-10.442712783813477,"z":-11.282381057739258},"rotation":{"x":-0.12872080504894257,"y":0.8437595963478088,"z":-0.23300150036811829,"w":-0.46605899930000307},"size":29.100727081298829,"orthographic":false}