{"cameraMode":{"drawMode":0,"name":"Shaded","section":"Shading Mode"},"sceneLighting":false,"audioPlay":false,"sceneViewState":{"showFog":true,"showMaterialUpdate":true,"showSkybox":true,"showFlares":true,"showImageEffects":true,"showParticleSystems":true},"in2DMode":false,"pivot":{"x":-0.05853867530822754,"y":1.0080058574676514,"z":-0.14242962002754212},"rotation":{"x":0.17578063905239106,"y":-0.7073045372962952,"z":0.18891595304012299,"w":0.6581279039382935},"size":0.9838166832923889,"orthographic":true}