{"cameraMode":{"drawMode":0,"name":"Shaded","section":"Shading Mode"},"sceneLighting":true,"audioPlay":false,"sceneViewState":{"showFog":true,"showMaterialUpdate":true,"showSkybox":true,"showFlares":true,"showImageEffects":true,"showParticleSystems":true},"in2DMode":false,"pivot":{"x":-1.886190414428711,"y":19.177173614501954,"z":-6.002910614013672},"rotation":{"x":-0.029931548982858659,"y":0.9688166379928589,"z":-0.19712381064891816,"w":-0.1471075862646103},"size":15.751168251037598,"orthographic":false}