{"cameraMode":{"drawMode":0,"name":"Shaded","section":"Shading Mode"},"sceneLighting":true,"audioPlay":false,"sceneViewState":{"showFog":true,"showMaterialUpdate":true,"showSkybox":true,"showFlares":true,"showImageEffects":true,"showParticleSystems":true},"in2DMode":false,"pivot":{"x":-2.063693046569824,"y":4.441089630126953,"z":3.410231590270996},"rotation":{"x":-0.044877760112285617,"y":-0.5990556478500366,"z":-0.033616241067647937,"w":0.7987416982650757},"size":15.94060230255127,"orthographic":false}