{"cameraMode":{"drawMode":0,"name":"Shaded","section":"Shading Mode"},"sceneLighting":true,"audioPlay":false,"sceneViewState":{"showFog":true,"showMaterialUpdate":true,"showSkybox":true,"showFlares":true,"showImageEffects":true,"showParticleSystems":true},"in2DMode":false,"pivot":{"x":80.8755874633789,"y":-75.29621124267578,"z":-106.12975311279297},"rotation":{"x":-0.08289387822151184,"y":-0.9151296019554138,"z":0.24594302475452424,"w":-0.3085100054740906},"size":160.5792694091797,"orthographic":false}