{"cameraMode":{"drawMode":0,"name":"Shaded","section":"Shading Mode"},"sceneLighting":true,"audioPlay":false,"sceneViewState":{"showFog":true,"showMaterialUpdate":true,"showSkybox":true,"showFlares":true,"showImageEffects":true,"showParticleSystems":true},"in2DMode":false,"pivot":{"x":111.11363220214844,"y":41.05707931518555,"z":5.557076930999756},"rotation":{"x":-0.049836236983537677,"y":-0.6864097118377686,"z":0.04725746810436249,"w":-0.7239646315574646},"size":184.65870666503907,"orthographic":false}