{"cameraMode":{"drawMode":0,"name":"Shaded","section":"Shading Mode"},"sceneLighting":true,"audioPlay":false,"sceneViewState":{"showFog":true,"showMaterialUpdate":true,"showSkybox":true,"showFlares":true,"showImageEffects":true,"showParticleSystems":true},"in2DMode":false,"pivot":{"x":8.411086082458496,"y":-2.5266125202178957,"z":-18.25545310974121},"rotation":{"x":0.019266491755843164,"y":0.9738632440567017,"z":-0.09023801982402802,"w":0.20754840970039369},"size":33.20565414428711,"orthographic":false}