{"cameraMode":{"drawMode":0,"name":"Shaded","section":"Shading Mode"},"sceneLighting":true,"audioPlay":false,"sceneViewState":{"showFog":true,"showMaterialUpdate":true,"showSkybox":true,"showFlares":true,"showImageEffects":true,"showParticleSystems":true},"in2DMode":false,"pivot":{"x":215.6424102783203,"y":-17.525314331054689,"z":5.6402740478515629},"rotation":{"x":0.11537648737430573,"y":0.6884589791297913,"z":-0.11232659220695496,"w":0.7071741819381714},"size":240.4600372314453,"orthographic":false}