{"cameraMode":{"drawMode":0,"name":"Shaded","section":"Shading Mode"},"sceneLighting":true,"audioPlay":false,"sceneViewState":{"showFog":true,"showMaterialUpdate":true,"showSkybox":true,"showFlares":true,"showImageEffects":true,"showParticleSystems":true},"in2DMode":false,"pivot":{"x":0.0940881222486496,"y":0.7806366086006165,"z":0.5096863508224487},"rotation":{"x":0.0022544455714523794,"y":0.994194507598877,"z":-0.10541972517967224,"w":0.021420856937766076},"size":12.088827133178711,"orthographic":true}